,Count_ICC_above_0_8,Count_ICC_above_0_6,Average_ICC,Day
2,0,0,0.36457132674346276,2
2,0,0,0.36457132674346276,2
3,0,2,0.5972733352880398,3
4,1,6,0.72457279473984,4
5,6,6,0.852827787061368,5
6,6,6,0.9509032375791125,6
7,6,6,1.0,7
